state,id,year,abbr,came,went,net,pop,netperc
Alabama,01,2005,AL,111775,97191,"14,584","4,569,805",0.32
Alabama,01,2006,AL,111775,97191,"14,584","4,628,981",0.32
Alabama,01,2007,AL,138115,113085,"25,030","4,672,840",0.54
Alabama,01,2008,AL,121505,100849,"20,656","4,718,206",0.44
Alabama,01,2009,AL,124658,106681,"17,977","4,757,938",0.38
Alabama,01,2010,AL,108951,99850,"9,101",4729509,0.19
Alabama,01,2011,AL,118295,106841,"11,454",4745278,0.24
Alabama,01,2012,AL,109218,105219,"3,999",4764428,0.08
Alabama,01,2013,AL,104414,97512,"6,902",4781296,0.14
Alabama,01,2014,AL,108239,111705,"-3,466",4791931,-0.07
Alabama,01,2015,AL,"114,927","101,055","13,872","4,801,599",0.29
Alabama,01,2016,AL,"122,555","99,941","22,614","4,810,126",0.47
Alabama,01,2017,AL,"112,279","102,354","9,925","4,819,343",0.21
Alabama,01,2018,AL,"110,258","98,194","12,064","4,832,358",0.25
Alabama,01,2019,AL,"105,118","98,845","6,273","4,849,509",0.13
Alabama,01,2021,AL,"116,175","104,528","11,647","4,989,797",0.23
Alabama,01,2022,AL,"139,574","102,894","36,680","5,022,366",0.73
Alaska,02,2005,AK,31375,53714,"-22,339","666,946",-3.35
Alaska,02,2006,AK,31375,53714,"-22,339","675,302",-3.31
Alaska,02,2007,AK,36583,63013,"-26,430","680,300",-3.89
Alaska,02,2008,AK,40207,85376,"-45,169","687,455",-6.57
Alaska,02,2009,AK,40474,71568,"-31,094","698,895",-4.45
Alaska,02,2010,AK,36345,94848,"-58,503",702974,-8.32
Alaska,02,2011,AK,36128,89228,"-53,100",711962,-7.46
Alaska,02,2012,AK,84125,33440,"50,685",721186,7.03
Alaska,02,2013,AK,34544,99931,"-65,387",725193,-9.02
Alaska,02,2014,AK,37960,92787,"-54,827",725206,-7.56
Alaska,02,2015,AK,"34,730","40,588","-5,858","727,862",-0.80
Alaska,02,2016,AK,"32,148","42,074","-9,926","731,760",-1.36
Alaska,02,2017,AK,"30,199","42,977","-12,778","730,874",-1.75
Alaska,02,2018,AK,"32,443","39,246","-6,803","727,164",-0.94
Alaska,02,2019,AK,"34,068","50,134","-16,066","722,063",-2.23
Alaska,02,2021,AK,"31,583","42,291","-10,708","723,949",-1.48
Alaska,02,2022,AK,"36,692","32,755","3,937","724,196",0.54
Arizona,04,2005,AZ,288960,157544,"131,416","5,839,077",2.25
Arizona,04,2006,AZ,288960,157544,"131,416","6,029,141",2.18
Arizona,04,2007,AZ,262932,189415,"73,517","6,167,681",1.19
Arizona,04,2008,AZ,241480,187722,"53,758","6,280,362",0.86
Arizona,04,2009,AZ,226457,197213,"29,244","6,343,154",0.46
Arizona,04,2010,AZ,223324,177056,"46,268",6332786,0.73
Arizona,04,2011,AZ,223748,212045,"11,703",6402301,0.18
Arizona,04,2012,AZ,206896,234248,"-27,352",6468907,-0.42
Arizona,04,2013,AZ,236522,183270,"53,252",6543362,0.81
Arizona,04,2014,AZ,250409,203810,"46,599",6651964,0.70
Arizona,04,2015,AZ,"254,837","184,612","70,225","6,747,595",1.04
Arizona,04,2016,AZ,"274,719","192,291","82,428","6,851,836",1.20
Arizona,04,2017,AZ,"262,165","163,322","98,843","6,935,358",1.43
Arizona,04,2018,AZ,"275,003","179,781","95,222","7,090,137",1.34
Arizona,04,2019,AZ,"254,265","173,741","80,524","7,200,620",1.12
Arizona,04,2021,AZ,"265,805","176,783","89,022","7,202,745",1.24
Arizona,04,2022,AZ,"283,337","204,970","78,367","7,285,247",1.08
Arkansas,05,2005,AR,96872,66074,"30,798","2,781,097",1.11
Arkansas,05,2006,AR,96872,66074,"30,798","2,821,761",1.09
Arkansas,05,2007,AR,89701,83680,"6,021","2,848,650",0.21
Arkansas,05,2008,AR,88773,77978,"10,795","2,874,554",0.38
Arkansas,05,2009,AR,85857,65829,"20,028","2,896,843",0.69
Arkansas,05,2010,AR,79214,64264,"14,950",2888304,0.52
Arkansas,05,2011,AR,70374,77226,"-6,852",2906632,-0.24
Arkansas,05,2012,AR,65060,76948,"-11,888",2912680,-0.41
Arkansas,05,2013,AR,70629,76963,"-6,334",2923642,-0.22
Arkansas,05,2014,AR,74889,65198,"9,691",2931123,0.33
Arkansas,05,2015,AR,"81,594","76,800","4,794","2,938,341",0.16
Arkansas,05,2016,AR,"71,940","72,142",-202,"2,949,650",-0.01
Arkansas,05,2017,AR,"79,984","69,850","10,134","2,968,395",0.34
Arkansas,05,2018,AR,"74,872","69,724","5,148","2,975,961",0.17
Arkansas,05,2019,AR,"60,025","64,673","-4,648","2,989,054",-0.16
Arkansas,05,2021,AR,"76,108","62,338","13,770","2,990,311",0.46
Arkansas,05,2022,AR,"86,393","74,408","11,985","3,007,872",0.40
California,06,2005,CA,449212,718417,"-269,205","35,827,943",-0.75
California,06,2006,CA,449212,718417,"-269,205","36,021,202",-0.75
California,06,2007,CA,491657,668021,"-176,364","36,250,311",-0.49
California,06,2008,CA,468875,585660,"-116,785","36,604,337",-0.32
California,06,2009,CA,460161,546589,"-86,428","36,961,229",-0.23
California,06,2010,CA,445972,575165,"-129,193",36907897,-0.35
California,06,2011,CA,469772,562550,"-92,778",37222678,-0.25
California,06,2012,CA,567505,495964,"71,541",37572738,0.19
California,06,2013,CA,488656,582392,"-93,736",37873189,-0.25
California,06,2014,CA,518285,593860,"-75,575",38340324,-0.20
California,06,2015,CA,"515,587","643,886","-128,299","38,675,135",-0.33
California,06,2016,CA,"515,860","657,890","-142,030","38,783,436",-0.37
California,06,2017,CA,"524,995","662,593","-137,598","39,085,984",-0.35
California,06,2018,CA,"502,273","691,665","-189,392","39,114,889",-0.48
California,06,2019,CA,"481,984","654,377","-172,393","39,084,048",-0.44
California,06,2021,CA,"434,370","841,370","-407,000","38,833,197",-1.05
California,06,2022,CA,"477,607","818,442","-340,835","38,629,179",-0.88
Colorado,08,2005,CO,169185,152522,"16,663","4,631,888",0.36
Colorado,08,2006,CO,169185,152522,"16,663","4,720,423",0.35
Colorado,08,2007,CO,197883,176007,"21,876","4,803,868",0.46
Colorado,08,2008,CO,196685,165958,"30,727","4,889,730",0.63
Colorado,08,2009,CO,182854,155042,"27,812","4,972,195",0.56
Colorado,08,2010,CO,187240,141008,"46,232",4988190,0.93
Colorado,08,2011,CO,202600,160623,"41,977",5048443,0.83
Colorado,08,2012,CO,161530,206204,"-44,674",5123944,-0.87
Colorado,08,2013,CO,207229,166348,"40,881",5206012,0.79
Colorado,08,2014,CO,219070,173332,"45,738",5293943,0.86
Colorado,08,2015,CO,"227,571","183,005","44,566","5,393,067",0.83
Colorado,08,2016,CO,"224,011","193,219","30,792","5,476,928",0.56
Colorado,08,2017,CO,"227,761","194,296","33,465","5,542,282",0.60
Colorado,08,2018,CO,"240,257","204,182","36,075","5,633,029",0.64
Colorado,08,2019,CO,"241,242","198,890","42,352","5,701,658",0.74
Colorado,08,2021,CO,"250,522","246,177","4,345","5,757,628",0.08
Colorado,08,2022,CO,"230,343","239,353","-9,010","5,781,381",-0.16
Connecticut,09,2005,CT,79448,86070,"-6,622","3,506,956",-0.19
Connecticut,09,2006,CT,79448,86070,"-6,622","3,517,460",-0.19
Connecticut,09,2007,CT,80620,101599,"-20,979","3,527,270",-0.59
Connecticut,09,2008,CT,82536,99363,"-16,827","3,545,579",-0.47
Connecticut,09,2009,CT,81546,94322,"-12,776","3,561,807",-0.36
Connecticut,09,2010,CT,79360,90259,"-10,899",3541146,-0.31
Connecticut,09,2011,CT,73607,93144,"-19,537",3548667,-0.55
Connecticut,09,2012,CT,87393,83539,"3,854",3555319,0.11
Connecticut,09,2013,CT,91112,92802,"-1,690",3562959,-0.05
Connecticut,09,2014,CT,86956,96031,"-9,075",3558915,-0.25
Connecticut,09,2015,CT,"80,561","103,747","-23,186","3,554,844",-0.65
Connecticut,09,2016,CT,"78,652","113,494","-34,842","3,541,758",-0.98
Connecticut,09,2017,CT,"87,105","100,271","-13,166","3,556,297",-0.37
Connecticut,09,2018,CT,"89,203","115,243","-26,040","3,538,203",-0.74
Connecticut,09,2019,CT,"94,324","105,469","-11,145","3,531,986",-0.32
Connecticut,09,2021,CT,"108,282","97,129","11,153","3,571,470",0.31
Connecticut,09,2022,CT,"146,029","89,455","56,574","3,588,965",1.58
DC ,11,2005,DC,37488,50181,"-12,693","567,136",-2.24
DC ,11,2006,DC,37488,50181,"-12,693","570,681",-2.22
DC ,11,2007,DC,47654,60777,"-13,123","574,404",-2.28
DC ,11,2008,DC,44699,58964,"-14,265","580,236",-2.46
DC ,11,2009,DC,38907,53165,"-14,258","592,228",-2.41
DC ,11,2010,DC,51244,56052,"-4,808",596747,-0.81
DC ,11,2011,DC,48066,49944,"-1,878",611608,-0.31
DC ,11,2012,DC,59513,53830,"5,683",624847,0.91
DC ,11,2013,DC,46633,57087,"-10,454",636535,-1.64
DC ,11,2014,DC,56273,59166,"-2,893",648586,-0.45
Delaware,10,2005,DE,35527,22787,"12,740","845,150",1.51
Delaware,10,2006,DE,35527,22787,"12,740","859,268",1.48
Delaware,10,2007,DE,40698,30348,"10,350","871,749",1.19
Delaware,10,2008,DE,42034,31543,"10,491","883,874",1.19
Delaware,10,2009,DE,35085,29135,"5,950","891,730",0.67
Delaware,10,2010,DE,31713,30055,"1,658",889812,0.19
Delaware,10,2011,DE,34920,26644,"8,276",897187,0.92
Delaware,10,2012,DE,25149,34813,"-9,664",906576,-1.07
Delaware,10,2013,DE,36790,24848,"11,942",914025,1.31
Delaware,10,2014,DE,32438,27179,"5,259",924770,0.57
Delaware,10,2015,DE,"44,731","30,881","13,850","935,813",1.48
Delaware,10,2016,DE,"34,066","29,001","5,065","942,073",0.54
Delaware,10,2017,DE,"38,792","35,954","2,838","952,449",0.30
Delaware,10,2018,DE,"34,636","33,395","1,241","958,770",0.13
Delaware,10,2019,DE,"38,014","28,507","9,507","964,817",0.99
Delaware,10,2021,DE,"42,870","36,691","6,179","994,669",0.62
Delaware,10,2022,DE,"46,312","33,794","12,518","1,008,173",1.24
District of Columbia ,11,2015,DC,"59,923","64,811","-4,888","663,006",-0.74
District of Columbia ,11,2016,DC,"58,505","59,972","-1,467","672,022",-0.22
District of Columbia ,11,2017,DC,"56,587","65,018","-8,431","684,810",-1.23
District of Columbia ,11,2018,DC,"47,738","60,363","-12,625","693,798",-1.82
District of Columbia ,11,2019,DC,"59,092","52,499","6,593","697,556",0.95
District of Columbia ,11,2021,DC,"58,314","62,725","-4,411","661,026",-0.67
District of Columbia ,11,2022,DC,"64,616","67,904","-3,288","660,942",-0.50
Florida,12,2005,FL,644033,450565,"193,468","17,842,038",1.08
Florida,12,2006,FL,644033,450565,"193,468","18,166,990",1.06
Florida,12,2007,FL,512359,538034,"-25,675","18,367,842",-0.14
Florida,12,2008,FL,505550,514421,"-8,871","18,527,305",-0.05
Florida,12,2009,FL,475871,451268,"24,603","18,652,644",0.13
Florida,12,2010,FL,495857,439115,"56,742",18647600,0.30
Florida,12,2011,FL,520208,443816,"76,392",18863948,0.40
Florida,12,2012,FL,432517,558786,"-126,269",19114620,-0.66
Florida,12,2013,FL,550651,430233,"120,418",19345059,0.62
Florida,12,2014,FL,574097,441815,"132,282",19683763,0.67
Florida,12,2015,FL,"612,974","450,835","162,139","20,068,392",0.81
Florida,12,2016,FL,"629,150","438,000","191,150","20,401,575",0.94
Florida,12,2017,FL,"595,014","449,920","145,094","20,772,371",0.70
Florida,12,2018,FL,"631,971","476,893","155,078","21,092,877",0.74
Florida,12,2019,FL,"616,268","467,301","148,967","21,269,409",0.70
Florida,12,2021,FL,"688,535","477,792","210,743","21,590,684",0.98
Florida,12,2022,FL,"751,148","498,698","252,450","22,043,900",1.15
Georgia,13,2005,GA,314226,226665,"87,561","8,925,922",0.98
Georgia,13,2006,GA,314226,226665,"87,561","9,155,813",0.96
Georgia,13,2007,GA,338487,261233,"77,254","9,349,988",0.83
Georgia,13,2008,GA,291054,257697,"33,357","9,504,843",0.35
Georgia,13,2009,GA,280221,252539,"27,682","9,620,846",0.29
Georgia,13,2010,GA,250469,245199,"5,270",9587237,0.05
Georgia,13,2011,GA,272712,249139,"23,573",9699859,0.24
Georgia,13,2012,GA,252494,279196,"-26,702",9796547,-0.27
Georgia,13,2013,GA,282735,270162,"12,573",9870319,0.13
Georgia,13,2014,GA,275410,245798,"29,612",9970167,0.30
Georgia,13,2015,GA,"285,827","250,431","35,396","10,088,525",0.35
Georgia,13,2016,GA,"307,666","259,148","48,518","10,179,860",0.48
Georgia,13,2017,GA,"282,234","255,330","26,904","10,299,497",0.26
Georgia,13,2018,GA,"275,655","231,510","44,145","10,410,462",0.42
Georgia,13,2019,GA,"286,447","254,144","32,303","10,499,808",0.31
Georgia,13,2021,GA,"304,317","238,771","65,546","10,688,429",0.61
Georgia,13,2022,GA,"328,249","254,917","73,332","10,791,161",0.68
Hawaii,15,2005,HI,49262,46751,"2,511","1,292,729",0.19
Hawaii,15,2006,HI,49262,46751,"2,511","1,309,731",0.19
Hawaii,15,2007,HI,52179,66468,"-14,289","1,315,675",-1.09
Hawaii,15,2008,HI,55700,56356,-656,"1,332,213",-0.05
Hawaii,15,2009,HI,53270,64417,"-11,147","1,346,717",-0.83
Hawaii,15,2010,HI,53581,49218,"4,363",1346274,0.32
Hawaii,15,2011,HI,57780,61940,"-4,160",1357806,-0.31
Hawaii,15,2012,HI,61619,55481,"6,138",1374852,0.45
Hawaii,15,2013,HI,58410,60461,"-2,051",1387361,-0.15
Hawaii,15,2014,HI,58406,60916,"-2,510",1401004,-0.18
Hawaii,15,2015,HI,"53,857","60,459","-6,602","1,414,355",-0.47
Hawaii,15,2016,HI,"57,229","64,182","-6,953","1,410,258",-0.49
Hawaii,15,2017,HI,"46,468","66,597","-20,129","1,410,750",-1.43
Hawaii,15,2018,HI,"54,142","67,505","-13,363","1,403,653",-0.95
Hawaii,15,2019,HI,"49,912","68,417","-18,505","1,396,819",-1.32
Hawaii,15,2021,HI,"71,626","59,236","12,390","1,426,298",0.87
Hawaii,15,2022,HI,"56,245","67,353","-11,108","1,425,611",-0.78
Idaho,16,2005,ID,68387,48527,"19,860","1,428,241",1.39
Idaho,16,2006,ID,68387,48527,"19,860","1,468,669",1.35
Idaho,16,2007,ID,66226,48830,"17,396","1,505,105",1.16
Idaho,16,2008,ID,64954,59116,"5,838","1,534,320",0.38
Idaho,16,2009,ID,57790,58805,"-1,015","1,554,439",-0.07
Idaho,16,2010,ID,55871,53122,"2,749",1550967,0.18
Idaho,16,2011,ID,60585,57844,"2,741",1559637,0.18
Idaho,16,2012,ID,55191,59419,"-4,228",1573036,-0.27
Idaho,16,2013,ID,61592,63788,"-2,196",1592596,-0.14
Idaho,16,2014,ID,64723,56887,"7,836",1613068,0.49
Idaho,16,2015,ID,"73,871","55,885","17,986","1,635,366",1.10
Idaho,16,2016,ID,"71,556","55,772","15,784","1,663,756",0.95
Idaho,16,2017,ID,"71,966","56,954","15,012","1,694,182",0.89
Idaho,16,2018,ID,"80,468","55,183","25,285","1,734,756",1.46
Idaho,16,2019,ID,"78,730","55,090","23,640","1,764,327",1.34
Idaho,16,2021,ID,"96,503","57,073","39,430","1,879,719",2.10
Idaho,16,2022,ID,"88,012","70,542","17,470","1,919,357",0.91
Illinois,17,2005,IL,210053,265668,"-55,615","12,609,903",-0.44
Illinois,17,2006,IL,210053,265668,"-55,615","12,643,955",-0.44
Illinois,17,2007,IL,233471,298703,"-65,232","12,695,866",-0.51
Illinois,17,2008,IL,224726,301750,"-77,024","12,747,038",-0.60
Illinois,17,2009,IL,206151,278162,"-72,011","12,796,778",-0.56
Illinois,17,2010,IL,206014,279221,"-73,207",12680126,-0.58
Illinois,17,2011,IL,218591,269632,"-51,041",12718402,-0.40
Illinois,17,2012,IL,278974,210804,"68,170",12725119,0.54
Illinois,17,2013,IL,224610,304761,"-80,151",12740816,-0.63
Illinois,17,2014,IL,210721,323579,"-112,858",12730206,-0.89
Illinois,17,2015,IL,"211,483","337,705","-126,222","12,706,393",-0.99
Illinois,17,2016,IL,"205,506","346,330","-140,824","12,654,142",-1.11
Illinois,17,2017,IL,"196,921","339,606","-142,685","12,659,328",-1.13
Illinois,17,2018,IL,"209,297","305,627","-96,330","12,599,244",-0.76
Illinois,17,2019,IL,"191,341","308,831","-117,490","12,536,539",-0.94
Illinois,17,2021,IL,"196,056","343,113","-147,057","12,544,435",-1.17
Illinois,17,2022,IL,"228,670","344,580","-115,910","12,455,441",-0.93
Indiana,18,2005,IN,129255,138133,"-8,878","6,278,616",-0.14
Indiana,18,2006,IN,129255,138133,"-8,878","6,332,669",-0.14
Indiana,18,2007,IN,150475,151112,-637,"6,379,599",-0.01
Indiana,18,2008,IN,161065,132599,"28,466","6,424,806",0.44
Indiana,18,2009,IN,132755,143979,"-11,224","6,459,325",-0.17
Indiana,18,2010,IN,127925,130279,"-2,354",6414862,-0.04
Indiana,18,2011,IN,128006,144012,"-16,006",6437155,-0.25
Indiana,18,2012,IN,144718,134273,"10,445",6457067,0.16
Indiana,18,2013,IN,133653,135517,"-1,864",6492306,-0.03
Indiana,18,2014,IN,139923,136869,"3,054",6516181,0.05
Indiana,18,2015,IN,"147,906","141,668","6,238","6,540,691",0.10
Indiana,18,2016,IN,"145,816","137,409","8,407","6,554,084",0.13
Indiana,18,2017,IN,"142,434","132,689","9,745","6,591,598",0.15
Indiana,18,2018,IN,"147,817","136,563","11,254","6,612,948",0.17
Indiana,18,2019,IN,"151,579","142,547","9,032","6,656,971",0.14
Indiana,18,2021,IN,"157,789","145,489","12,300","6,729,771",0.18
Indiana,18,2022,IN,"149,697","137,624","12,073","6,757,160",0.18
Iowa,19,2005,IA,80596,75104,"5,492","2,964,454",0.19
Iowa,19,2006,IA,80596,75104,"5,492","2,982,644",0.18
Iowa,19,2007,IA,82676,70571,"12,105","2,999,212",0.40
Iowa,19,2008,IA,79648,73294,"6,354","3,016,734",0.21
Iowa,19,2009,IA,74704,69870,"4,834","3,032,870",0.16
Iowa,19,2010,IA,72706,66922,"5,784",3013053,0.19
Iowa,19,2011,IA,70462,74516,"-4,054",3027718,-0.13
Iowa,19,2012,IA,73325,76546,"-3,221",3035469,-0.11
Iowa,19,2013,IA,75650,77470,"-1,820",3053635,-0.06
Iowa,19,2014,IA,79194,76960,"2,234",3067872,0.07
Iowa,19,2015,IA,"85,969","81,205","4,764","3,081,446",0.15
Iowa,19,2016,IA,"78,275","76,999","1,276","3,097,283",0.04
Iowa,19,2017,IA,"77,139","79,476","-2,337","3,106,880",-0.08
Iowa,19,2018,IA,"74,832","70,659","4,173","3,119,306",0.13
Iowa,19,2019,IA,"72,651","74,697","-2,046","3,121,385",-0.07
Iowa,19,2021,IA,"77,860","72,979","4,881","3,159,672",0.15
Iowa,19,2022,IA,"72,539","70,535","2,004","3,166,734",0.06
Kansas,20,2005,KS,79331,81566,"-2,235","2,745,299",-0.08
Kansas,20,2006,KS,79331,81566,"-2,235","2,762,931",-0.08
Kansas,20,2007,KS,86558,92441,"-5,883","2,783,785",-0.21
Kansas,20,2008,KS,100310,89761,"10,549","2,808,076",0.38
Kansas,20,2009,KS,102695,88943,"13,752","2,832,704",0.49
Kansas,20,2010,KS,95127,90793,"4,334",2820894,0.15
Kansas,20,2011,KS,84415,94218,"-9,803",2833584,-0.35
Kansas,20,2012,KS,93277,88366,"4,911",2848708,0.17
Kansas,20,2013,KS,90136,94653,"-4,517",2854869,-0.16
Kansas,20,2014,KS,96580,93047,"3,533",2866584,0.12
Kansas,20,2015,KS,"91,357","99,652","-8,295","2,875,640",-0.29
Kansas,20,2016,KS,"89,138","92,821","-3,683","2,870,529",-0.13
Kansas,20,2017,KS,"86,501","99,660","-13,159","2,876,925",-0.46
Kansas,20,2018,KS,"95,900","96,850",-950,"2,874,208",-0.03
Kansas,20,2019,KS,"95,344","88,983","6,361","2,879,518",0.22
Kansas,20,2021,KS,"102,509","86,141","16,368","2,900,594",0.56
Kansas,20,2022,KS,"94,988","84,558","10,430","2,906,619",0.36
Kentucky,21,2005,KY,100469,90893,"9,576","4,182,742",0.23
Kentucky,21,2006,KY,100469,90893,"9,576","4,219,239",0.23
Kentucky,21,2007,KY,123599,103817,"19,782","4,256,672",0.46
Kentucky,21,2008,KY,107735,91909,"15,826","4,289,878",0.37
Kentucky,21,2009,KY,122184,94414,"27,770","4,317,074",0.64
Kentucky,21,2010,KY,118622,93253,"25,369",4296639,0.59
Kentucky,21,2011,KY,110223,99256,"10,967",4316297,0.25
Kentucky,21,2012,KY,103041,112957,"-9,916",4328626,-0.23
Kentucky,21,2013,KY,104094,98713,"5,381",4345186,0.12
Kentucky,21,2014,KY,105059,98564,"6,495",4357819,0.15
Kentucky,21,2015,KY,"107,029","109,073","-2,044","4,373,403",-0.05
Kentucky,21,2016,KY,"115,432","103,803","11,629","4,385,213",0.27
Kentucky,21,2017,KY,"105,387","99,499","5,888","4,404,279",0.13
Kentucky,21,2018,KY,"111,578","100,514","11,064","4,414,714",0.25
Kentucky,21,2019,KY,"100,149","101,103",-954,"4,421,512",-0.02
Kentucky,21,2021,KY,"107,724","92,939","14,785","4,460,646",0.33
Kentucky,21,2022,KY,"113,324","88,556","24,768","4,462,146",0.56
Louisiana,22,2005,LA,74653,175420,"-100,767","4,576,628",-2.20
Louisiana,22,2006,LA,74653,175420,"-100,767","4,302,665",-2.34
Louisiana,22,2007,LA,127821,117192,"10,629","4,375,581",0.24
Louisiana,22,2008,LA,111402,109059,"2,343","4,435,586",0.05
Louisiana,22,2009,LA,90957,90189,768,"4,491,648",0.02
Louisiana,22,2010,LA,98291,88240,"10,051",4483529,0.22
Louisiana,22,2011,LA,99531,86593,"12,938",4518629,0.29
Louisiana,22,2012,LA,96015,91870,"4,145",4545914,0.09
Louisiana,22,2013,LA,92674,99873,"-7,199",4568320,-0.16
Louisiana,22,2014,LA,97874,85901,"11,973",4593505,0.26
Louisiana,22,2015,LA,"94,369","100,167","-5,798","4,612,024",-0.13
Louisiana,22,2016,LA,"85,557","92,286","-6,729","4,622,042",-0.15
Louisiana,22,2017,LA,"73,291","102,212","-28,921","4,629,962",-0.62
Louisiana,22,2018,LA,"81,593","95,326","-13,733","4,603,081",-0.30
Louisiana,22,2019,LA,"68,805","95,887","-27,082","4,595,111",-0.59
Louisiana,22,2021,LA,"82,135","103,485","-21,350","4,571,302",-0.47
Louisiana,22,2022,LA,"75,449","105,897","-30,448","4,537,185",-0.67
Maine,23,2005,ME,36982,34535,"2,447","1,318,787",0.19
Maine,23,2006,ME,36982,34535,"2,447","1,323,619",0.18
Maine,23,2007,ME,34397,35037,-640,"1,327,040",-0.05
Maine,23,2008,ME,34457,31723,"2,734","1,330,509",0.21
Maine,23,2009,ME,24672,32340,"-7,668","1,329,590",-0.58
Maine,23,2010,ME,27962,32209,"-4,247",1313902,-0.32
Maine,23,2011,ME,33883,33729,154,1315833,0.01
Maine,23,2012,ME,38574,27561,"11,013",1315586,0.84
Maine,23,2013,ME,36900,28840,"8,060",1315753,0.61
Maine,23,2014,ME,39065,32076,"6,989",1317638,0.53
Maine,23,2015,ME,"30,123","37,053","-6,930","1,317,444",-0.53
Maine,23,2016,ME,"38,590","32,973","5,617","1,319,292",0.43
Maine,23,2017,ME,"34,264","27,425","6,839","1,322,591",0.52
Maine,23,2018,ME,"34,706","25,012","9,694","1,324,095",0.73
Maine,23,2019,ME,"36,202","38,267","-2,065","1,331,656",-0.16
Maine,23,2021,ME,"43,492","19,261","24,231","1,360,264",1.78
Maine,23,2022,ME,"41,618","34,659","6,959","1,372,172",0.51
Maryland,24,2005,MD,165631,173362,"-7,731","5,592,379",-0.14
Maryland,24,2006,MD,165631,173362,"-7,731","5,627,367",-0.14
Maryland,24,2007,MD,151874,193453,"-41,579","5,653,408",-0.74
Maryland,24,2008,MD,160645,175853,"-15,208","5,684,965",-0.27
Maryland,24,2009,MD,174958,159096,"15,862","5,730,388",0.28
Maryland,24,2010,MD,165096,159925,"5,171",5716785,0.09
Maryland,24,2011,MD,154758,165111,"-10,353",5759087,-0.18
Maryland,24,2012,MD,157772,155277,"2,495",5816472,0.04
Maryland,24,2013,MD,162582,183458,"-20,876",5857213,-0.36
Maryland,24,2014,MD,157941,177248,"-19,307",5911235,-0.33
Maryland,24,2015,MD,"170,521","182,121","-11,600","5,934,005",-0.20
Maryland,24,2016,MD,"159,861","186,282","-26,421","5,949,566",-0.44
Maryland,24,2017,MD,"167,462","183,900","-16,438","5,988,007",-0.27
Maryland,24,2018,MD,"165,178","182,525","-17,347","5,974,521",-0.29
Maryland,24,2019,MD,"142,368","183,816","-41,448","5,979,602",-0.69
Maryland,24,2021,MD,"161,016","185,657","-24,641","6,099,715",-0.40
Maryland,24,2022,MD,"140,677","205,406","-64,729","6,100,234",-1.06
Massachusetts,25,2005,MA,110112,161887,"-51,775","6,403,290",-0.81
Massachusetts,25,2006,MA,110112,161887,"-51,775","6,410,084",-0.81
Massachusetts,25,2007,MA,138593,179090,"-40,497","6,431,559",-0.63
Massachusetts,25,2008,MA,153448,154724,"-1,276","6,468,967",-0.02
Massachusetts,25,2009,MA,148500,141056,"7,444","6,517,613",0.11
Massachusetts,25,2010,MA,143247,146156,"-2,909",6489250,-0.04
Massachusetts,25,2011,MA,144243,147281,"-3,038",6515057,-0.05
Massachusetts,25,2012,MA,160414,146633,"13,781",6580641,0.21
Massachusetts,25,2013,MA,137155,157187,"-20,032",6619999,-0.30
Massachusetts,25,2014,MA,151063,156375,"-5,312",6674907,-0.08
Massachusetts,25,2015,MA,"137,162","177,296","-40,134","6,725,678",-0.60
Massachusetts,25,2016,MA,"153,856","179,933","-26,077","6,745,441",-0.39
Massachusetts,25,2017,MA,"153,047","174,180","-21,133","6,789,798",-0.31
Massachusetts,25,2018,MA,"149,719","180,806","-31,087","6,834,364",-0.45
Massachusetts,25,2019,MA,"147,122","180,567","-33,445","6,828,110",-0.49
Massachusetts,25,2021,MA,"160,102","210,518","-50,416","6,916,314",-0.73
Massachusetts,25,2022,MA,"172,664","215,568","-42,904","6,918,482",-0.62
Michigan,26,2005,MI,124188,177623,"-53,435","10,051,137",-0.53
Michigan,26,2006,MI,124188,177623,"-53,435","10,036,081",-0.53
Michigan,26,2007,MI,131479,210049,"-78,570","10,001,284",-0.79
Michigan,26,2008,MI,127692,203739,"-76,047","9,946,889",-0.76
Michigan,26,2009,MI,118054,206343,"-88,289","9,901,591",-0.89
Michigan,26,2010,MI,117581,178296,"-60,715",9762127,-0.62
Michigan,26,2011,MI,140066,186593,"-46,527",9766574,-0.48
Michigan,26,2012,MI,176168,134763,"41,405",9778980,0.42
Michigan,26,2013,MI,144982,167083,"-22,101",9784094,-0.23
Michigan,26,2014,MI,150708,173392,"-22,684",9795659,-0.23
Michigan,26,2015,MI,"143,282","180,441","-37,159","9,811,416",-0.38
Michigan,26,2016,MI,"156,904","156,560",344,"9,813,772",0.00
Michigan,26,2017,MI,"151,408","148,155","3,253","9,851,330",0.03
Michigan,26,2018,MI,"139,673","152,605","-12,932","9,891,083",-0.13
Michigan,26,2019,MI,"132,998","152,371","-19,373","9,880,758",-0.20
Michigan,26,2021,MI,"143,853","157,838","-13,985","9,950,336",-0.14
Michigan,26,2022,MI,"158,468","167,885","-9,417","9,936,710",-0.09
Minnesota,27,2005,MN,100169,101436,"-1,267","5,119,598",-0.02
Minnesota,27,2006,MN,100169,101436,"-1,267","5,163,555",-0.02
Minnesota,27,2007,MN,103494,115369,"-11,875","5,207,203",-0.23
Minnesota,27,2008,MN,97857,115956,"-18,099","5,247,018",-0.34
Minnesota,27,2009,MN,90944,112812,"-21,868","5,281,203",-0.41
Minnesota,27,2010,MN,89911,104815,"-14,904",5244256,-0.28
Minnesota,27,2011,MN,101083,103253,"-2,170",5277329,-0.04
Minnesota,27,2012,MN,115946,101176,"14,770",5315228,0.28
Minnesota,27,2013,MN,105747,119264,"-13,517",5353441,-0.25
Minnesota,27,2014,MN,106972,121861,"-14,889",5385219,-0.28
Minnesota,27,2015,MN,"109,182","127,471","-18,289","5,419,822",-0.34
Minnesota,27,2016,MN,"111,367","121,583","-10,216","5,455,904",-0.19
Minnesota,27,2017,MN,"116,126","125,130","-9,004","5,510,902",-0.16
Minnesota,27,2018,MN,"100,370","112,228","-11,858","5,543,490",-0.21
Minnesota,27,2019,MN,"106,949","114,258","-7,309","5,575,235",-0.13
Minnesota,27,2021,MN,"93,402","140,559","-47,157","5,645,866",-0.84
Minnesota,27,2022,MN,"117,466","130,957","-13,491","5,654,602",-0.24
Mississippi,28,2005,MS,79602,84867,"-5,265","2,905,943",-0.18
Mississippi,28,2006,MS,79602,84867,"-5,265","2,904,978",-0.18
Mississippi,28,2007,MS,81948,86583,"-4,635","2,928,350",-0.16
Mississippi,28,2008,MS,73049,70345,"2,704","2,947,806",0.09
Mississippi,28,2009,MS,67245,74014,"-6,769","2,958,774",-0.23
Mississippi,28,2010,MS,73135,68533,"4,602",2931228,0.16
Mississippi,28,2011,MS,68829,68624,205,2943021,0.01
Mississippi,28,2012,MS,66947,73581,"-6,634",2947696,-0.23
Mississippi,28,2013,MS,68667,72590,"-3,923",2957797,-0.13
Mississippi,28,2014,MS,75270,72606,"2,664",2957658,0.09
Mississippi,28,2015,MS,"69,455","81,358","-11,903","2,959,289",-0.40
Mississippi,28,2016,MS,"65,549","77,509","-11,960","2,951,081",-0.41
Mississippi,28,2017,MS,"73,830","78,043","-4,213","2,946,971",-0.14
Mississippi,28,2018,MS,"68,303","76,567","-8,264","2,955,717",-0.28
Mississippi,28,2019,MS,"62,605","60,094","2,511","2,943,737",0.09
Mississippi,28,2021,MS,"60,172","57,113","3,059","2,919,574",0.10
Mississippi,28,2022,MS,"70,088","59,596","10,492","2,907,327",0.36
Missouri,29,2005,MO,143499,137161,"6,338","5,790,300",0.11
Missouri,29,2006,MO,143499,137161,"6,338","5,842,704",0.11
Missouri,29,2007,MO,166020,155313,"10,707","5,887,612",0.18
Missouri,29,2008,MO,155829,151632,"4,197","5,923,916",0.07
Missouri,29,2009,MO,150271,139009,"11,262","5,961,088",0.19
Missouri,29,2010,MO,146093,148276,"-2,183",5920858,-0.04
Missouri,29,2011,MO,150148,138505,"11,643",5937896,0.20
Missouri,29,2012,MO,142754,163756,"-21,002",5951913,-0.35
Missouri,29,2013,MO,160198,138612,"21,586",5973448,0.36
Missouri,29,2014,MO,154096,154325,-229,5992195,0.00
Missouri,29,2015,MO,"160,475","155,529","4,946","6,015,580",0.08
Missouri,29,2016,MO,"163,493","159,177","4,316","6,022,165",0.07
Missouri,29,2017,MO,"165,900","154,063","11,837","6,039,877",0.20
Missouri,29,2018,MO,"153,103","174,949","-21,846","6,053,109",-0.36
Missouri,29,2019,MO,"153,454","135,762","17,692","6,069,697",0.29
Missouri,29,2021,MO,"166,447","147,855","18,592","6,102,443",0.30
Missouri,29,2022,MO,"163,254","156,845","6,409","6,111,432",0.10
Montana,30,2005,MT,35914,31923,"3,991","940,102",0.42
Montana,30,2006,MT,35914,31923,"3,991","952,692",0.42
Montana,30,2007,MT,35857,29873,"5,984","964,706",0.62
Montana,30,2008,MT,44394,36217,"8,177","976,415",0.84
Montana,30,2009,MT,31015,30285,730,"983,982",0.07
Montana,30,2010,MT,35641,35870,-229,978507,-0.02
Montana,30,2011,MT,33906,31204,"2,702",987076,0.27
Montana,30,2012,MT,33832,37690,"-3,858",995544,-0.39
Montana,30,2013,MT,40035,31590,"8,445",1003013,0.84
Montana,30,2014,MT,37575,35654,"1,921",1012169,0.19
Montana,30,2015,MT,"42,760","32,620","10,140","1,019,646",0.99
Montana,30,2016,MT,"37,775","31,479","6,296","1,032,794",0.61
Montana,30,2017,MT,"35,607","28,012","7,595","1,039,170",0.73
Montana,30,2018,MT,"43,506","35,292","8,214","1,051,757",0.78
Montana,30,2019,MT,"40,873","39,242","1,631","1,056,994",0.15
Montana,30,2021,MT,"44,531","30,360","14,171","1,093,888",1.30
Montana,30,2022,MT,"48,165","38,483","9,682","1,111,641",0.87
Nebraska,31,2005,NE,42097,47045,"-4,948","1,761,497",-0.28
Nebraska,31,2006,NE,42097,47045,"-4,948","1,772,693",-0.28
Nebraska,31,2007,NE,51968,53621,"-1,653","1,783,440",-0.09
Nebraska,31,2008,NE,50308,51732,"-1,424","1,796,378",-0.08
Nebraska,31,2009,NE,53214,43712,"9,502","1,812,683",0.52
Nebraska,31,2010,NE,51290,43531,"7,759",1802697,0.43
Nebraska,31,2011,NE,52070,52809,-739,1817126,-0.04
Nebraska,31,2012,NE,48816,43266,"5,550",1829420,0.30
Nebraska,31,2013,NE,46272,47989,"-1,717",1842900,-0.09
Nebraska,31,2014,NE,52200,43219,"8,981",1855356,0.48
Nebraska,31,2015,NE,"53,339","53,210",129,"1,869,217",0.01
Nebraska,31,2016,NE,"51,448","47,456","3,992","1,882,987",0.21
Nebraska,31,2017,NE,"52,943","47,905","5,038","1,894,217",0.27
Nebraska,31,2018,NE,"54,619","54,462",157,"1,905,843",0.01
Nebraska,31,2019,NE,"46,186","52,425","-6,239","1,910,711",-0.33
Nebraska,31,2021,NE,"43,916","53,116","-9,200","1,939,700",-0.47
Nebraska,31,2022,NE,"49,171","49,472",-301,"1,943,359",-0.02
Nevada,32,2005,NV,130006,103617,"26,389","2,432,143",1.09
Nevada,32,2006,NV,130006,103617,"26,389","2,522,658",1.05
Nevada,32,2007,NV,128849,111324,"17,525","2,601,072",0.67
Nevada,32,2008,NV,120047,104099,"15,948","2,653,630",0.60
Nevada,32,2009,NV,109257,111689,"-2,432","2,684,665",-0.09
Nevada,32,2010,NV,103179,109409,"-6,230",2667364,-0.23
Nevada,32,2011,NV,110498,115943,"-5,445",2688336,-0.20
Nevada,32,2012,NV,98882,124522,"-25,640",2725280,-0.94
Nevada,32,2013,NV,127323,100922,"26,401",2757365,0.96
Nevada,32,2014,NV,130487,103599,"26,888",2806170,0.96
Nevada,32,2015,NV,"136,338","99,409","36,929","2,859,489",1.29
Nevada,32,2016,NV,"118,298","88,563","29,735","2,907,243",1.02
Nevada,32,2017,NV,"133,458","98,226","35,232","2,963,456",1.19
Nevada,32,2018,NV,"127,926","89,876","38,050","3,003,761",1.27
Nevada,32,2019,NV,"133,205","105,357","27,848","3,048,602",0.91
Nevada,32,2021,NV,"132,648","92,262","40,386","3,111,722",1.30
Nevada,32,2022,NV,"127,980","114,131","13,849","3,145,500",0.44
New Hampshire,33,2005,NH,47185,46984,201,"1,298,492",0.02
New Hampshire,33,2006,NH,47185,46984,201,"1,308,389",0.02
New Hampshire,33,2007,NH,51221,46624,"4,597","1,312,540",0.35
New Hampshire,33,2008,NH,46245,41623,"4,622","1,315,906",0.35
New Hampshire,33,2009,NH,37940,48422,"-10,482","1,316,102",-0.80
New Hampshire,33,2010,NH,39423,38399,"1,024",1303865,0.08
New Hampshire,33,2011,NH,37000,43277,"-6,277",1305678,-0.48
New Hampshire,33,2012,NH,38696,50559,"-11,863",1309203,-0.91
New Hampshire,33,2013,NH,45076,46086,"-1,010",1310978,-0.08
New Hampshire,33,2014,NH,41849,41539,310,1314735,0.02
New Hampshire,33,2015,NH,"54,059","41,949","12,110","1,318,121",0.92
New Hampshire,33,2016,NH,"52,659","45,674","6,985","1,322,101",0.53
New Hampshire,33,2017,NH,"53,440","41,754","11,686","1,330,742",0.88
New Hampshire,33,2018,NH,"49,408","43,793","5,615","1,344,750",0.42
New Hampshire,33,2019,NH,"50,763","42,225","8,538","1,350,155",0.63
New Hampshire,33,2021,NH,"53,525","44,326","9,199","1,377,638",0.67
New Hampshire,33,2022,NH,"49,782","46,927","2,855","1,384,607",0.21
New Jersey,34,2005,NJ,175101,196069,"-20,968","8,651,974",-0.24
New Jersey,34,2006,NJ,175101,196069,"-20,968","8,661,679",-0.24
New Jersey,34,2007,NJ,147904,216947,"-69,043","8,677,885",-0.80
New Jersey,34,2008,NJ,148398,211311,"-62,913","8,711,090",-0.72
New Jersey,34,2009,NJ,136212,189956,"-53,744","8,755,602",-0.61
New Jersey,34,2010,NJ,130101,195216,"-65,115",8709933,-0.75
New Jersey,34,2011,NJ,144506,218519,"-74,013",8719952,-0.85
New Jersey,34,2012,NJ,221124,132797,"88,327",8772744,1.01
New Jersey,34,2013,NJ,140979,204289,"-63,310",8803679,-0.72
New Jersey,34,2014,NJ,133091,209569,"-76,478",8840346,-0.87
New Jersey,34,2015,NJ,"146,854","229,206","-82,352","8,854,363",-0.93
New Jersey,34,2016,NJ,"148,053","228,281","-80,228","8,852,286",-0.91
New Jersey,34,2017,NJ,"156,301","225,579","-69,278","8,910,191",-0.78
New Jersey,34,2018,NJ,"165,709","233,079","-67,370","8,815,804",-0.76
New Jersey,34,2019,NJ,"152,296","230,332","-78,036","8,791,672",-0.89
New Jersey,34,2021,NJ,"198,092","247,500","-49,408","9,174,117",-0.54
New Jersey,34,2022,NJ,"176,998","268,611","-91,613","9,174,261",-1.00
New Mexico,35,2005,NM,76608,63083,"13,525","1,932,274",0.70
New Mexico,35,2006,NM,76608,63083,"13,525","1,962,137",0.69
New Mexico,35,2007,NM,69422,72600,"-3,178","1,990,070",-0.16
New Mexico,35,2008,NM,69033,68128,905,"2,010,662",0.05
New Mexico,35,2009,NM,64797,65986,"-1,189","2,036,802",-0.06
New Mexico,35,2010,NM,74237,50802,"23,435",2039549,1.15
New Mexico,35,2011,NM,62229,61482,747,2055293,0.04
New Mexico,35,2012,NM,63949,55122,"8,827",2060595,0.43
New Mexico,35,2013,NM,56808,75597,"-18,789",2059689,-0.91
New Mexico,35,2014,NM,69505,70144,-639,2060189,-0.03
New Mexico,35,2015,NM,"55,860","68,415","-12,555","2,060,441",-0.61
New Mexico,35,2016,NM,"64,894","65,578",-684,"2,057,857",-0.03
New Mexico,35,2017,NM,"57,386","67,296","-9,910","2,062,628",-0.48
New Mexico,35,2018,NM,"60,793","74,459","-13,666","2,072,546",-0.66
New Mexico,35,2019,NM,"55,762","71,212","-15,450","2,073,628",-0.75
New Mexico,35,2021,NM,"68,109","57,585","10,524","2,092,251",0.50
New Mexico,35,2022,NM,"72,095","58,604","13,491","2,092,565",0.64
New York,36,2005,NY,233376,474593,"-241,217","19,132,610",-1.26
New York,36,2006,NY,233376,474593,"-241,217","19,104,631",-1.26
New York,36,2007,NY,276203,447109,"-170,906","19,132,335",-0.89
New York,36,2008,NY,266591,418960,"-152,369","19,212,436",-0.79
New York,36,2009,NY,277482,382520,"-105,038","19,307,066",-0.54
New York,36,2010,NY,276167,367907,"-91,740",19171916,-0.48
New York,36,2011,NY,292791,380415,"-87,624",19248685,-0.46
New York,36,2012,NY,408178,277374,"130,804",19352153,0.68
New York,36,2013,NY,276602,404338,"-127,736",19431954,-0.66
New York,36,2014,NY,263456,426581,"-163,125",19528220,-0.84
New York,36,2015,NY,"263,133","454,076","-190,943","19,570,171",-0.98
New York,36,2016,NY,"268,108","453,552","-185,444","19,526,443",-0.95
New York,36,2017,NY,"291,162","455,843","-164,681","19,638,923",-0.84
New York,36,2018,NY,"263,878","460,348","-196,470","19,329,704",-1.02
New York,36,2019,NY,"256,674","442,834","-186,160","19,240,920",-0.97
New York,36,2021,NY,"289,438","573,088","-283,650","19,626,300",-1.45
New York,36,2022,NY,"304,784","548,445","-243,661","19,474,187",-1.25
North Carolina,37,2005,NC,264704,212708,"51,996","8,705,407",0.60
North Carolina,37,2006,NC,264704,212708,"51,996","8,917,270",0.58
North Carolina,37,2007,NC,342207,221334,"120,873","9,118,037",1.33
North Carolina,37,2008,NC,323866,234941,"88,925","9,309,449",0.96
North Carolina,37,2009,NC,284171,228778,"55,393","9,449,566",0.59
North Carolina,37,2010,NC,265206,207171,"58,035",9443000,0.61
North Carolina,37,2011,NC,266135,225347,"40,788",9539412,0.43
North Carolina,37,2012,NC,239301,275174,"-35,873",9640490,-0.37
North Carolina,37,2013,NC,277448,247780,"29,668",9737365,0.30
North Carolina,37,2014,NC,287809,249480,"38,329",9832152,0.39
North Carolina,37,2015,NC,"311,737","237,724","74,013","9,927,547",0.75
North Carolina,37,2016,NC,"332,527","256,605","75,922","10,032,407",0.76
North Carolina,37,2017,NC,"316,845","243,300","73,545","10,158,556",0.72
North Carolina,37,2018,NC,"321,074","239,282","81,792","10,274,540",0.80
North Carolina,37,2019,NC,"317,201","256,567","60,634","10,371,906",0.58
North Carolina,37,2021,NC,"337,622","237,786","99,836","10,446,881",0.96
North Carolina,37,2022,NC,"342,735","259,662","83,073","10,588,557",0.78
North Dakota,38,2005,ND,18594,21147,"-2,553","646,089",-0.40
North Dakota,38,2006,ND,18594,21147,"-2,553","649,422",-0.39
North Dakota,38,2007,ND,22399,21057,"1,342","652,822",0.21
North Dakota,38,2008,ND,26746,24344,"2,402","657,569",0.37
North Dakota,38,2009,ND,29970,21343,"8,627","664,968",1.30
North Dakota,38,2010,ND,30100,24450,"5,650",665654,0.85
North Dakota,38,2011,ND,32586,26563,"6,023",675161,0.89
North Dakota,38,2012,ND,23959,38213,"-14,254",689838,-2.07
North Dakota,38,2013,ND,38908,29808,"9,100",714804,1.27
North Dakota,38,2014,ND,39059,27685,"11,374",729874,1.56
North Dakota,38,2015,ND,"42,618","31,867","10,751","745,291",1.44
North Dakota,38,2016,ND,"30,704","37,658","-6,954","746,271",-0.93
North Dakota,38,2017,ND,"37,979","37,344",635,"744,641",0.09
North Dakota,38,2018,ND,"33,854","33,006",848,"749,825",0.11
North Dakota,38,2019,ND,"37,261","29,950","7,311","750,501",0.97
North Dakota,38,2021,ND,"38,217","31,390","6,827","764,638",0.89
North Dakota,38,2022,ND,"35,372","29,191","6,181","770,498",0.80
Ohio,39,2005,OH,175118,216207,"-41,089","11,463,320",-0.36
Ohio,39,2006,OH,175118,216207,"-41,089","11,481,213",-0.36
Ohio,39,2007,OH,189644,213970,"-24,326","11,500,468",-0.21
Ohio,39,2008,OH,182977,218975,"-35,998","11,515,391",-0.31
Ohio,39,2009,OH,171894,206357,"-34,463","11,528,896",-0.30
Ohio,39,2010,OH,174773,188082,"-13,309",11405101,-0.12
Ohio,39,2011,OH,193385,206049,"-12,664",11418944,-0.11
Ohio,39,2012,OH,199530,197794,"1,736",11414635,0.02
Ohio,39,2013,OH,188879,201829,"-12,950",11439593,-0.11
Ohio,39,2014,OH,198616,207327,"-8,711",11464891,-0.08
Ohio,39,2015,OH,"207,786","214,018","-6,232","11,482,142",-0.05
Ohio,39,2016,OH,"198,455","212,041","-13,586","11,481,752",-0.12
Ohio,39,2017,OH,"202,694","207,891","-5,197","11,520,109",-0.05
Ohio,39,2018,OH,"200,274","206,948","-6,674","11,555,163",-0.06
Ohio,39,2019,OH,"208,237","193,552","14,685","11,556,037",0.13
Ohio,39,2021,OH,"185,122","189,775","-4,653","11,660,200",-0.04
Ohio,39,2022,OH,"202,364","197,093","5,271","11,631,820",0.05
Oklahoma,40,2005,OK,107439,90859,"16,580","3,548,597",0.47
Oklahoma,40,2006,OK,107439,90859,"16,580","3,594,090",0.46
Oklahoma,40,2007,OK,121274,90415,"30,859","3,634,349",0.85
Oklahoma,40,2008,OK,122134,96782,"25,352","3,668,976",0.69
Oklahoma,40,2009,OK,117850,90004,"27,846","3,717,572",0.75
Oklahoma,40,2010,OK,106720,90616,"16,104",3716264,0.43
Oklahoma,40,2011,OK,108983,81088,"27,895",3742698,0.75
Oklahoma,40,2012,OK,102572,108972,"-6,400",3762311,-0.17
Oklahoma,40,2013,OK,109764,100907,"8,857",3801521,0.23
Oklahoma,40,2014,OK,111705,102651,"9,054",3827288,0.24
Oklahoma,40,2015,OK,"111,181","99,014","12,167","3,864,908",0.31
Oklahoma,40,2016,OK,"102,272","105,705","-3,433","3,873,232",-0.09
Oklahoma,40,2017,OK,"102,347","96,005","6,342","3,875,922",0.16
Oklahoma,40,2018,OK,"108,164","97,474","10,690","3,895,983",0.27
Oklahoma,40,2019,OK,"102,585","85,599","16,986","3,907,258",0.43
Oklahoma,40,2021,OK,"108,993","71,218","37,775","3,943,443",0.96
Oklahoma,40,2022,OK,"117,993","85,782","32,211","3,974,110",0.81
Oregon,41,2005,OR,147219,103869,"43,350","3,613,202",1.20
Oregon,41,2006,OR,147219,103869,"43,350","3,670,883",1.18
Oregon,41,2007,OR,125508,107398,"18,110","3,722,417",0.49
Oregon,41,2008,OR,119875,111150,"8,725","3,768,748",0.23
Oregon,41,2009,OR,127489,101288,"26,201","3,808,600",0.69
Oregon,41,2010,OR,117521,100185,"17,336",3794008,0.46
Oregon,41,2011,OR,127910,109795,"18,115",3828714,0.47
Oregon,41,2012,OR,108182,119077,"-10,895",3857465,-0.28
Oregon,41,2013,OR,143935,111680,"32,255",3888216,0.83
Oregon,41,2014,OR,137086,103180,"33,906",3927857,0.86
Oregon,41,2015,OR,"141,220","109,240","31,980","3,985,712",0.80
Oregon,41,2016,OR,"139,334","107,169","32,165","4,052,221",0.79
Oregon,41,2017,OR,"149,513","109,454","40,059","4,102,048",0.98
Oregon,41,2018,OR,"140,627","132,746","7,881","4,152,756",0.19
Oregon,41,2019,OR,"129,921","115,854","14,067","4,178,578",0.34
Oregon,41,2021,OR,"133,968","125,363","8,605","4,207,387",0.20
Oregon,41,2022,OR,"128,359","157,729","-29,370","4,201,011",-0.70
Pennsylvania,42,2005,PA,227765,220536,"7,229","12,449,990",0.06
Pennsylvania,42,2006,PA,227765,220536,"7,229","12,510,809",0.06
Pennsylvania,42,2007,PA,266861,243822,"23,039","12,563,937",0.18
Pennsylvania,42,2008,PA,244109,230334,"13,775","12,612,285",0.11
Pennsylvania,42,2009,PA,232316,205772,"26,544","12,666,858",0.21
Pennsylvania,42,2010,PA,241855,211326,"30,529",12577555,0.24
Pennsylvania,42,2011,PA,237014,217105,"19,909",12610486,0.16
Pennsylvania,42,2012,PA,239469,223347,"16,122",12630082,0.13
Pennsylvania,42,2013,PA,232920,250630,"-17,710",12639493,-0.14
Pennsylvania,42,2014,PA,240326,254977,"-14,651",12645888,-0.12
Pennsylvania,42,2015,PA,"240,616","264,363","-23,747","12,662,192",-0.19
Pennsylvania,42,2016,PA,"259,065","261,088","-2,023","12,645,493",-0.02
Pennsylvania,42,2017,PA,"257,903","256,577","1,326","12,674,642",0.01
Pennsylvania,42,2018,PA,"264,708","242,046","22,662","12,674,699",0.18
Pennsylvania,42,2019,PA,"271,493","260,787","10,706","12,670,245",0.08
Pennsylvania,42,2021,PA,"268,080","264,782","3,298","12,842,522",0.03
Pennsylvania,42,2022,PA,"265,991","280,543","-14,552","12,845,436",-0.11
Puerto Rico,72,2005,PR,34764,47208,"-12,444","3,821,362",-0.33
Puerto Rico,72,2006,PR,34764,47208,"-12,444","3,805,214",-0.33
Puerto Rico,72,2007,PR,29136,60388,"-31,252","3,782,995",-0.83
Puerto Rico,72,2008,PR,33734,67862,"-34,128","3,760,866",-0.91
Puerto Rico,72,2009,PR,30889,30372,517,"3,740,410",0.01
Puerto Rico,72,2010,PR,31732,59885,"-28,153",3676493,-0.77
Puerto Rico,72,2011,PR,22649,76218,"-53,569",3669195,-1.46
Puerto Rico,72,2012,PR,74500,20044,"54,456",3628402,1.50
Puerto Rico,72,2013,PR,24652,73846,"-49,194",3579220,-1.37
Puerto Rico,72,2014,PR,19771,83844,"-64,073",3511186,-1.82
Puerto Rico,72,2015,PR,"24,762","89,000","-64,238","3,443,445",-1.87
Puerto Rico,72,2016,PR,"21,196","88,676","-67,480","3,384,760",-1.99
Puerto Rico,72,2017,PR,"20,167","97,488","-77,321","3,313,519",-2.33
Puerto Rico,72,2018,PR,"20,900","133,451","-112,551","3,173,956",-3.55
Puerto Rico,72,2019,PR,"31,144","66,021","-34,877","3,175,835",-1.10
Puerto Rico,72,2021,PR,"27,380","54,669","-27,289","3,248,011",-0.84
Puerto Rico,72,2022,PR,"26,989","42,990","-16,001","3,203,439",-0.50
Rhode Island,44,2005,RI,23896,38968,"-15,072","1,067,916",-1.41
Rhode Island,44,2006,RI,23896,38968,"-15,072","1,063,096",-1.42
Rhode Island,44,2007,RI,34392,36726,"-2,334","1,057,315",-0.22
Rhode Island,44,2008,RI,29925,34489,"-4,564","1,055,003",-0.43
Rhode Island,44,2009,RI,32108,62074,"-29,966","1,053,646",-2.84
Rhode Island,44,2010,RI,32335,25632,"6,703",1042240,0.64
Rhode Island,44,2011,RI,27062,31555,"-4,493",1040022,-0.43
Rhode Island,44,2012,RI,31122,33562,"-2,440",1040527,-0.23
Rhode Island,44,2013,RI,34453,36119,"-1,666",1040986,-0.16
Rhode Island,44,2014,RI,33535,38144,"-4,609",1045791,-0.44
Rhode Island,44,2015,RI,"39,373","30,410","8,963","1,045,062",0.86
Rhode Island,44,2016,RI,"32,840","35,606","-2,766","1,045,691",-0.26
Rhode Island,44,2017,RI,"37,156","31,067","6,089","1,048,549",0.58
Rhode Island,44,2018,RI,"33,503","31,834","1,669","1,047,975",0.16
Rhode Island,44,2019,RI,"35,097","31,137","3,960","1,050,602",0.38
Rhode Island,44,2021,RI,"43,541","32,047","11,494","1,085,539",1.06
Rhode Island,44,2022,RI,"40,383","39,156","1,227","1,083,984",0.11
South Carolina,45,2005,SC,141525,110157,"31,368","4,270,150",0.73
South Carolina,45,2006,SC,141525,110157,"31,368","4,357,847",0.72
South Carolina,45,2007,SC,174350,101277,"73,073","4,444,110",1.64
South Carolina,45,2008,SC,151295,115943,"35,352","4,528,996",0.78
South Carolina,45,2009,SC,33616,32278,"1,338","4,589,872",0.03
South Carolina,45,2010,SC,152710,117678,"35,032",4577399,0.77
South Carolina,45,2011,SC,159810,121429,"38,381",4624180,0.83
South Carolina,45,2012,SC,127422,157775,"-30,353",4668886,-0.65
South Carolina,45,2013,SC,166891,128810,"38,081",4720602,0.81
South Carolina,45,2014,SC,173294,121524,"51,770",4780659,1.08
South Carolina,45,2015,SC,"171,396","134,738","36,658","4,839,984",0.76
South Carolina,45,2016,SC,"165,825","127,849","37,976","4,903,788",0.77
South Carolina,45,2017,SC,"168,079","129,006","39,073","4,966,211",0.79
South Carolina,45,2018,SC,"190,010","141,361","48,649","5,029,034",0.97
South Carolina,45,2019,SC,"177,499","129,616","47,883","5,092,727",0.94
South Carolina,45,2021,SC,"196,848","117,159","79,689","5,142,137",1.55
South Carolina,45,2022,SC,"220,289","154,587","65,702","5,228,328",1.26
South Dakota,46,2005,SD,25467,24791,676,"775,493",0.09
South Dakota,46,2006,SD,25467,24791,676,"783,033",0.09
South Dakota,46,2007,SD,27684,23402,"4,282","791,623",0.54
South Dakota,46,2008,SD,24010,25707,"-1,697","799,124",-0.21
South Dakota,46,2009,SD,145873,116087,"29,786","807,067",3.69
South Dakota,46,2010,SD,25777,27915,"-2,138",805616,-0.27
South Dakota,46,2011,SD,27506,29496,"-1,990",814175,-0.24
South Dakota,46,2012,SD,22534,26185,"-3,651",821669,-0.44
South Dakota,46,2013,SD,30042,29118,924,832703,0.11
South Dakota,46,2014,SD,28198,31180,"-2,982",842076,-0.35
South Dakota,46,2015,SD,"26,971","25,769","1,202","848,285",0.14
South Dakota,46,2016,SD,"31,789","29,654","2,135","853,832",0.25
South Dakota,46,2017,SD,"26,464","27,412",-948,"856,726",-0.11
South Dakota,46,2018,SD,"27,037","28,747","-1,710","871,271",-0.20
South Dakota,46,2019,SD,"27,616","27,542",74,"872,708",0.01
South Dakota,46,2021,SD,"27,783","25,910","1,873","884,616",0.21
South Dakota,46,2022,SD,"31,300","28,803","2,497","898,505",0.28
Tennessee,47,2005,TN,184803,140729,"44,074","5,991,057",0.74
Tennessee,47,2006,TN,184803,140729,"44,074","6,088,766",0.72
Tennessee,47,2007,TN,187022,162700,"24,322","6,175,727",0.39
Tennessee,47,2008,TN,180615,151848,"28,767","6,247,411",0.46
Tennessee,47,2009,TN,29632,26107,"3,525","6,306,019",0.06
Tennessee,47,2010,TN,159778,143165,"16,613",6282706,0.26
Tennessee,47,2011,TN,172052,154467,"17,585",6333466,0.28
Tennessee,47,2012,TN,163858,177815,"-13,957",6378278,-0.22
Tennessee,47,2013,TN,186930,159564,"27,366",6419226,0.43
Tennessee,47,2014,TN,182503,160110,"22,393",6471445,0.35
Tennessee,47,2015,TN,"196,347","177,700","18,647","6,522,259",0.29
Tennessee,47,2016,TN,"171,534","182,956","-11,422","6,580,953",-0.17
Tennessee,47,2017,TN,"192,888","155,665","37,223","6,642,072",0.56
Tennessee,47,2018,TN,"210,992","173,373","37,619","6,692,936",0.56
Tennessee,47,2019,TN,"196,789","156,558","40,231","6,754,461",0.60
Tennessee,47,2021,TN,"221,490","151,814","69,676","6,899,165",1.01
Tennessee,47,2022,TN,"226,403","182,723","43,680","6,976,549",0.63
Texas,48,2005,TX,504921,380362,"124,559","22,778,123",0.55
Texas,48,2006,TX,504921,380362,"124,559","23,359,580",0.53
Texas,48,2007,TX,555538,421775,"133,763","23,831,983",0.56
Texas,48,2008,TX,541594,408036,"133,558","24,309,039",0.55
Texas,48,2009,TX,168174,159516,"8,658","24,801,761",0.03
Texas,48,2010,TX,490738,412618,"78,120",24899075,0.31
Texas,48,2011,TX,519951,405283,"114,668",25327104,0.45
Texas,48,2012,TX,402547,512187,"-109,640",25711791,-0.43
Texas,48,2013,TX,551690,411170,"140,520",26087349,0.54
Texas,48,2014,TX,544846,436362,"108,484",26588600,0.41
Texas,48,2015,TX,"562,739","445,925","116,814","27,092,848",0.43
Texas,48,2016,TX,"541,242","445,348","95,894","27,472,626",0.35
Texas,48,2017,TX,"529,616","468,573","61,043","27,924,632",0.22
Texas,48,2018,TX,"575,002","464,534","110,468","28,333,482",0.39
Texas,48,2019,TX,"569,013","453,824","115,189","28,642,658",0.40
Texas,48,2021,TX,"595,575","448,673","146,902","29,170,380",0.50
Texas,48,2022,TX,"670,779","497,689","173,090","29,671,447",0.58
Utah,49,2005,UT,78813,84271,"-5,458","2,457,719",-0.22
Utah,49,2006,UT,78813,84271,"-5,458","2,525,507",-0.22
Utah,49,2007,UT,103910,72627,"31,283","2,597,746",1.20
Utah,49,2008,UT,101842,73941,"27,901","2,663,029",1.05
Utah,49,2009,UT,511166,380932,"130,234","2,723,421",4.78
Utah,49,2010,UT,78163,76423,"1,740",2724064,0.06
Utah,49,2011,UT,85217,73211,"12,006",2769627,0.43
Utah,49,2012,UT,82165,88109,"-5,944",2805440,-0.21
Utah,49,2013,UT,98293,91943,"6,350",2854667,0.22
Utah,49,2014,UT,90514,79697,"10,817",2894001,0.37
Utah,49,2015,UT,"97,470","84,071","13,399","2,947,423",0.45
Utah,49,2016,UT,"107,142","85,803","21,339","3,002,244",0.71
Utah,49,2017,UT,"99,584","89,721","9,863","3,056,193",0.32
Utah,49,2018,UT,"100,824","91,741","9,083","3,114,717",0.29
Utah,49,2019,UT,"95,704","88,426","7,278","3,162,102",0.23
Utah,49,2021,UT,"101,114","78,976","22,138","3,295,561",0.67
Utah,49,2022,UT,"92,124","109,290","-17,166","3,337,151",-0.51
Vermont,50,2005,VT,19860,23440,"-3,580","621,215",-0.58
Vermont,50,2006,VT,19860,23440,"-3,580","622,892",-0.57
Vermont,50,2007,VT,23120,25085,"-1,965","623,481",-0.32
Vermont,50,2008,VT,21974,24177,"-2,203","624,151",-0.35
Vermont,50,2009,VT,90375,82216,"8,159","624,817",1.31
Vermont,50,2010,VT,22529,18380,"4,149",619363,0.67
Vermont,50,2011,VT,20482,18172,"2,310",621354,0.37
Vermont,50,2012,VT,20056,24431,"-4,375",620224,-0.71
Vermont,50,2013,VT,23180,21773,"1,407",621256,0.23
Vermont,50,2014,VT,22635,20424,"2,211",620898,0.36
Vermont,50,2015,VT,"21,332","22,135",-803,"619,952",-0.13
Vermont,50,2016,VT,"21,262","23,693","-2,431","619,387",-0.39
Vermont,50,2017,VT,"21,993","20,872","1,121","619,089",0.18
Vermont,50,2018,VT,"26,311","20,832","5,479","621,681",0.88
Vermont,50,2019,VT,"21,215","22,714","-1,499","617,560",-0.24
Vermont,50,2021,VT,"31,854","17,261","14,593","641,007",2.28
Vermont,50,2022,VT,"26,151","23,170","2,981","641,722",0.46
Virginia,51,2005,VA,243538,231945,"11,593","7,577,105",0.15
Virginia,51,2006,VA,243538,231945,"11,593","7,673,725",0.15
Virginia,51,2007,VA,276326,248688,"27,638","7,751,000",0.36
Virginia,51,2008,VA,265427,243123,"22,304","7,833,496",0.28
Virginia,51,2009,VA,19390,24012,"-4,622","7,925,937",-0.06
Virginia,51,2010,VA,260813,232394,"28,419",7930773,0.36
Virginia,51,2011,VA,258352,230304,"28,048",7996552,0.35
Virginia,51,2012,VA,239224,251169,"-11,945",8085389,-0.15
Virginia,51,2013,VA,268140,237384,"30,756",8163664,0.38
Virginia,51,2014,VA,264399,264025,374,8224054,0.00
Virginia,51,2015,VA,"279,660","269,656","10,004","8,283,737",0.12
Virginia,51,2016,VA,"266,165","275,738","-9,573","8,312,297",-0.12
Virginia,51,2017,VA,"251,808","263,104","-11,296","8,372,522",-0.13
Virginia,51,2018,VA,"276,331","262,818","13,513","8,424,340",0.16
Virginia,51,2019,VA,"266,751","278,197","-11,446","8,439,982",-0.14
Virginia,51,2021,VA,"275,605","277,019","-1,414","8,557,020",-0.02
Virginia,51,2022,VA,"267,973","282,441","-14,468","8,590,803",-0.17
Washington,53,2005,WA,212436,173787,"38,649","6,257,305",0.62
Washington,53,2006,WA,212436,173787,"38,649","6,370,753",0.61
Washington,53,2007,WA,203281,167375,"35,906","6,461,587",0.56
Washington,53,2008,WA,205342,170559,"34,783","6,562,231",0.53
Washington,53,2009,WA,271600,248926,"22,674","6,667,426",0.34
Washington,53,2010,WA,191784,166162,"25,622",6661321,0.38
Washington,53,2011,WA,209590,190685,"18,905",6748474,0.28
Washington,53,2012,WA,180462,216519,"-36,057",6815763,-0.53
Washington,53,2013,WA,208231,191053,"17,178",6888552,0.25
Washington,53,2014,WA,220987,198380,"22,607",6979369,0.32
Washington,53,2015,WA,"231,590","178,732","52,858","7,089,143",0.75
Washington,53,2016,WA,"258,208","192,730","65,478","7,202,119",0.91
Washington,53,2017,WA,"260,875","198,813","62,062","7,318,811",0.85
Washington,53,2018,WA,"262,383","222,472","39,911","7,453,439",0.54
Washington,53,2019,WA,"232,274","200,265","32,009","7,527,366",0.43
Washington,53,2021,WA,"226,511","269,344","-42,833","7,657,350",-0.56
Washington,53,2022,WA,"248,550","258,113","-9,563","7,710,339",-0.12
West Virginia,54,2005,WV,46756,45758,998,"1,820,492",0.05
West Virginia,54,2006,WV,46756,45758,998,"1,827,912",0.05
West Virginia,54,2007,WV,52456,44667,"7,789","1,834,052",0.42
West Virginia,54,2008,WV,53944,50147,"3,797","1,840,310",0.21
West Virginia,54,2009,WV,192654,179350,"13,304","1,847,775",0.72
West Virginia,54,2010,WV,39791,49490,"-9,699",1833535,-0.53
West Virginia,54,2011,WV,50748,45970,"4,778",1836614,0.26
West Virginia,54,2012,WV,47433,47204,229,1837518,0.01
West Virginia,54,2013,WV,52214,48627,"3,587",1837863,0.20
West Virginia,54,2014,WV,47957,48804,-847,1831414,-0.05
West Virginia,54,2015,WV,"42,643","51,953","-9,310","1,823,753",-0.51
West Virginia,54,2016,WV,"47,308","51,476","-4,168","1,810,709",-0.23
West Virginia,54,2017,WV,"40,110","43,321","-3,211","1,798,306",-0.18
West Virginia,54,2018,WV,"44,061","46,546","-2,485","1,787,630",-0.14
West Virginia,54,2019,WV,"40,154","40,460",-306,"1,773,280",-0.02
West Virginia,54,2021,WV,"43,801","36,026","7,775","1,767,792",0.44
West Virginia,54,2022,WV,"43,493","40,535","2,958","1,758,432",0.17
Wisconsin,55,2005,WI,99591,102450,"-2,859","5,546,166",-0.05
Wisconsin,55,2006,WI,99591,102450,"-2,859","5,577,655",-0.05
Wisconsin,55,2007,WI,103333,119593,"-16,260","5,610,775",-0.29
Wisconsin,55,2008,WI,106409,111434,"-5,025","5,640,996",-0.09
Wisconsin,55,2009,WI,50155,47036,"3,119","5,669,264",0.06
Wisconsin,55,2010,WI,93586,111825,"-18,239",5623196,-0.32
Wisconsin,55,2011,WI,110167,105599,"4,568",5647213,0.08
Wisconsin,55,2012,WI,98713,100167,"-1,454",5660677,-0.03
Wisconsin,55,2013,WI,101524,111011,"-9,487",5681024,-0.17
Wisconsin,55,2014,WI,118768,114933,"3,835",5692727,0.07
Wisconsin,55,2015,WI,"106,806","109,420","-2,614","5,708,201",-0.05
Wisconsin,55,2016,WI,"120,433","114,055","6,378","5,712,104",0.11
Wisconsin,55,2017,WI,"115,060","113,492","1,568","5,731,549",0.03
Wisconsin,55,2018,WI,"116,898","105,920","10,978","5,751,525",0.19
Wisconsin,55,2019,WI,"108,486","102,249","6,237","5,760,481",0.11
Wisconsin,55,2021,WI,"123,275","113,275","10,000","5,838,954",0.17
Wisconsin,55,2022,WI,"122,298","121,606",692,"5,835,492",0.01
Wyoming,56,2005,WY,26314,26931,-617,"514,157",-0.12
Wyoming,56,2006,WY,26314,26931,-617,"522,667",-0.12
Wyoming,56,2007,WY,29027,26754,"2,273","534,876",0.42
Wyoming,56,2008,WY,27320,30860,"-3,540","546,043",-0.65
Wyoming,56,2009,WY,95475,100137,"-4,662","559,851",-0.83
Wyoming,56,2010,WY,28046,28186,-140,556954,-0.03
Wyoming,56,2011,WY,30651,31991,"-1,340",561389,-0.24
Wyoming,56,2012,WY,32228,31165,"1,063",569734,0.19
Wyoming,56,2013,WY,27677,28150,-473,575933,-0.08
Wyoming,56,2014,WY,25992,33465,"-7,473",577782,-1.29
Wyoming,56,2015,WY,"35,998","31,537","4,461","579,102",0.77
Wyoming,56,2016,WY,"26,471","27,184",-713,"577,567",-0.12
Wyoming,56,2017,WY,"18,511","25,954","-7,443","573,483",-1.30
Wyoming,56,2018,WY,"25,853","26,078",-225,"570,867",-0.04
Wyoming,56,2019,WY,"30,247","23,287","6,960","572,884",1.21
Wyoming,56,2021,WY,"27,281","35,311","-8,030","573,476",-1.40
Wyoming,56,2022,WY,"28,952","27,005","1,947","575,705",0.34
